"id","addtime","title","imgurl","jieshao","youshi","chanshu","xqurl"
"1","2025-04-21 11:24:40","KYN27-12 智能化铠装移开式交流金属封闭开关设备（10kV移开式开关柜、10kV配网移开式开关柜）","https://www.stzc.com/Upload/Images/20181008/bd266a86d86d46c4b4c2ea1bfe53a3f3.jpg","KYN27-12  智能化铠装移开式交流金属封闭开关设备产品型号：KYN27-12(Z)　　KYN27-12(Z)  智能化金属铠装中置移开式开关设备，系三相交流50Hz的高压成套开关设备，作为10kV系统接收和分配电能及对电路实现控制、保护和监测之用，是广东“正超”的特色产品，广泛用于大中型发电厂、变电站、配电小区和高层建筑等电力用户，曾荣获\"广东省级重点新产品证书\"。新一代产品吸收国内外先进技术，符合用户最新需求，柜内可配用VS1/VD4等真空断路器。该产品已按新标准、最严酷要求通过了全套型式试验，大电流柜通过了40kA/1s的内部故障电弧试验，在柜体尺寸不变前提下通过1.1倍额定电流温升试验，实现了低温升、高强度、耐燃弧、高海拔、智能化的重要技术创新。产品质量安全、稳定，深受广大用户的信赖和好评。◇ 开关柜结构、性能及特点 ◇KYN27-12(Z)型柜体为组装式结构，断路器室、母线室、电缆室、仪表室，各室间用接地的金属钢板隔开，能有效防止故障的扩大，运行安全可靠。断路器室、母线室、电缆室均设有独立的泄压通道，发生内部故障电弧时，燃弧气体通过泄压通道迅速释放。开关柜具有提示性的机械“五防”闭锁及完善可靠、独特的联锁装置，亦可根据用户的具体要求，实现机械和电气双重闭锁及联锁功能。智能型开关柜的断路器手车可电动推进与抽出，接地刀可电动合、分。断路器一次静触头活门，在手车推进与抽出过程中自动打开或关闭，检修时活门可以锁定；电缆室安装和维护方便。开关柜为前检修式结构，靠墙安装时调试在正面进行，检修可从正面进入柜内。开关柜前后设有防爆观察窗，能方便地观察到断路器分、合闸机械指示和手车在柜内所处位置及高压电缆的终端联接情况。柜内设有完善、可靠的接地系统和接地标志，一次元器件的金属框架均通过专用的接地铜母排接地，确保运行及检修时的安全 。正常使用条件海拔高度：不超过1000m，如有特殊要求，最高可达5000m；环境温度：上限＋40℃，下限－10℃ （允许在－30℃时储运）；相对湿度：日平均不大于95% ，月平均不大于90% ；地震烈度：不超过8度；安装场所：没有火灾、爆炸危险、严重污秽、化学腐蚀及剧烈震动。注：凡超出上述要求范围的，应与制造厂协商确定。","1、 符合南方电网、国家电网“技术规范”的温升（1.1倍Un）、内部故障电弧试验（≥31.5kA/0.5s，最大至40kA/1s）和凝露污秽等要求，具备抗燃弧能力和低温升效果，并经型式试验和2016年南网抽检验证合格；2、 配置电动底盘车及电动接地开关的智能型开关柜已通过电动操作机械寿命性能型式试验，并已在广东110kV广州尖峰变、贵州110kV金阳将军变、青坪变等项目安全可靠运行；3、 通过海拔高度5000m的型式试验，已在贵州、云南等高海拔地区广泛使用，运行安全、稳定、可靠。4、 20年来积累了丰富的研发、设计、制造经验，KYN27-12产品不断创新改进，已获实用新型专利技术18项，是“广东省高新技术产品”；5、 2016年在南网供货运行的10kV开关柜设备保有量高达16545台，排名第一，占全网运行设备总数12.01%；运行故障率最低，仅为0.024次/百台年；2017年在南网供货运行的10kV开关柜设备保有量为21936台，较2016年增长了5391台。6、 可选配正超自主品牌主要一二次电气元件和新技术新材料，实现智能功能升级：","https://www.stzc.com/Upload/Images/20180930/d7a76b968e4b40f989a63574ef38e0d7.png","https://www.stzc.com/Products/Show_139.html"
"2","2025-04-21 11:24:44","ZCSFC 40.5kV智能型气体绝缘金属封闭开关设备","https://www.stzc.com/Upload/Images/20250104/d35e08bcfe26401188b573af4beb3ff3.jpg","","",\N,"https://www.stzc.com/Products/Show_536.html"
"3","2025-04-21 11:24:47","ZCSFC-12kV 智能型气体绝缘金属封闭开关设备","https://www.stzc.com/Upload/Images/20250104/2a8f289140f44a208645456c6c53e817.jpg","","",\N,"https://www.stzc.com/Products/Show_539.html"
"4","2025-04-21 11:24:49","ZCSF-12 户内高压交流六氟化硫智能环网开关设备（10kV SF6环网柜）","https://www.stzc.com/Upload/Images/20181229/fcc827eadee643cfa57e22fe8fc28436.jpg","ZCSF-12 户内高压交流六氟化硫智能环网开关设备   ZCSF-12(F•R)全封闭SF6智能环网开关设备户内使用，系三相交流50Hz的高压成套开关设备，作为10kV系统接收和分配电能及对电路实现控制保护之用，是新一代的小型化SF6全绝缘环网开关柜，具有电气性能优良、安装简便、运行可靠、组合灵活、免维护、性能价格比优等特点，广泛应用于工业及民用电缆环网及供电末端，特别适用于小型二次配电站、开闭所、工矿企业、城市住宅小区、铁路、高层建筑等电力系统中作为接受和分配电能之用。◇ 开关柜结构、性能及特点 ◇SF6气箱采用不锈钢板全焊接而成，防护等级达到IP67，气箱留有现场充气阀。负荷开关、接地开关、熔断器支座及母线等一次元器件密封在SF6气箱中；高压熔断器安装在密封的绝缘筒中，绝缘完全不受凝露、污秽等外界环境条件的影响。具有全密封、全绝缘性能，有较强的防洪能力，免维护，能在恶劣环境条件下安全运行。柜内主母线由母线绝缘子固定在箱体的上部，可通过母线连接器方便地进行扩展。采用模块化方案设计，体积小，进出线环网柜尺寸统一。有单元型、共箱型的模块式结构，可根据用户要求任意扩展组合。操作灵活、联锁可靠，满足“五防”功能要求，底座由敷铝锌板拼装而成，机械强度高，防腐蚀性能优良。也可装于户外的防护箱内使用。可适应配电自动化要求的用户。正常使用条件海拔高度：不超过4000 m ；环境温度：－10℃～ ＋40℃，（允许在－30℃时储运）；相对湿度：日平均不大于95% ，月平均不大于90% ；地震烈度：不超过8度；注：凡超出上述要求范围的，应与制造厂协商确定。","1、 环网柜通过了零表压下开断额定有功负载电流试验；2、 环网柜通过了内部电弧故障试验（20kA/0.5s）及海拔高度4000 m的型式试验；3、 环网柜已通过配网自动化联调保护传动型式试验，具有技术创新、性能安全、稳定、实用的特点；4、 ZCSF-12系列全绝缘SF6环网柜新技术、新产品于2017年通过广东电网公司和广东省机械行业协会联合组织的鉴定；5、 已获发明、实用新型等专利技术7项，是“广东省高新技术产品”；6、 环网柜气箱采用厚度3mm的不锈钢304材料，应用自动焊接机器人焊接而成，防护等级达到IP67，具有强度高、密封性能优良的特点；7、 可选配正超自主品牌主要一二次电气元件和新技术新材料，实现智能配网功能升级：","https://www.stzc.com/Upload/Images/20180921/043887e3fb0c4a3a8db437ac197b2816.jpg","https://www.stzc.com/Products/Show_143.html"
"5","2025-04-21 11:24:54","XGN116(GTXGN)-12 箱型固定式户内交流金属封闭开关设备（10kV固体绝缘环网柜）","https://www.stzc.com/Upload/Images/20181229/9e20680394984f97839f26b28496535b.jpg","1、 XGN116(GTXGN)-12系列10kV固体绝缘环网柜已按新标准、高参数要求通过了包括内部电弧故障试验（20kA/0.5s）的全套型式试验，具有技术创新、性能安全、稳定、实用的特点；2、 已通过配网自动化联调保护传动型式试验，具有技术创新、性能安全、稳定、实用的特点；3、 XGN116(GTXGN)-12系列10kV固体绝缘环网柜等25个配网新产品通过广东电网公司和广东省机械行业协会联合组织的新产品鉴定；4、 已获发明、实用新型等专利技术7项；5、 可选配正超自主品牌主要二次电气元件和新技术新材料，实现智能配网功能升级：","1、 XGN116(GTXGN)-12系列10kV固体绝缘环网柜已按新标准、高参数要求通过了包括内部电弧故障试验（20kA/0.5s）的全套型式试验，具有技术创新、性能安全、稳定、实用的特点；2、 已通过配网自动化联调保护传动型式试验，具有技术创新、性能安全、稳定、实用的特点；3、 XGN116(GTXGN)-12系列10kV固体绝缘环网柜等25个配网新产品通过广东电网公司和广东省机械行业协会联合组织的新产品鉴定；4、 已获发明、实用新型等专利技术7项；5、 可选配正超自主品牌主要二次电气元件和新技术新材料，实现智能配网功能升级：","https://www.stzc.com/Upload/Images/20180927/32beaee9deb34ce1a566f64129ca777f.png","https://www.stzc.com/Products/Show_144.html"
"6","2025-04-21 11:24:58","ZCKQG-12 环保型干燥压缩空气绝缘充气环网柜（10kV干燥空气绝缘环网柜）","https://www.stzc.com/Upload/Images/20250104/a188cb74e96243c99e58ced0fe5d6e1c.jpg","1、 ZCKQG-12空气绝缘环网柜已按新标准、高参数要求通过了包括内部电弧故障试验（25kA／1s）项目的全套型式试验，具有技术创新、性能安全、稳定、实用的特点；2、 ZCKQG-12空气绝缘环网柜等25个配网产品通过广东电网公司和广东省机械行业协会联合组织的新产品鉴定；3、 已获发明、实用新型等专利技术7项；4、 主开关室为采用2.5mm厚优质304不锈钢板经智能焊接机器人焊接而成的密封箱体，气箱的防护等级达到IP67，具有全密封、全绝缘性能特点。5、 可选配正超自主品牌主要二次电气元件和新技术新材料，实现智能配网功能升级：","1、 ZCKQG-12空气绝缘环网柜已按新标准、高参数要求通过了包括内部电弧故障试验（25kA／1s）项目的全套型式试验，具有技术创新、性能安全、稳定、实用的特点；2、 ZCKQG-12空气绝缘环网柜等25个配网产品通过广东电网公司和广东省机械行业协会联合组织的新产品鉴定；3、 已获发明、实用新型等专利技术7项；4、 主开关室为采用2.5mm厚优质304不锈钢板经智能焊接机器人焊接而成的密封箱体，气箱的防护等级达到IP67，具有全密封、全绝缘性能特点。5、 可选配正超自主品牌主要二次电气元件和新技术新材料，实现智能配网功能升级：","https://www.stzc.com/Upload/Images/20180921/2a74aca6d6794b47974006100970f21d.jpg","https://www.stzc.com/Products/Show_145.html"
"7","2025-04-21 11:25:02","DFW7-12 户外高压交流电缆分接箱（10kV户外开关箱）","https://www.stzc.com/Upload/Images/20180921/52b109bae1ae4361b09ecb59193f9903.jpg","DFW7-12 户外高压交流电缆分接箱（10kV户外开关箱）        DWF7-12（F）型户外开关箱，适用于额定电压12kV，额定频率50Hz三相交流配电系统作为分配电能及控制之用。广泛适用于城市工业园区、住宅小区、商业中心、矿区和钢铁、汽车、石油化工、水泥等大型企业、地下设施等场所的配电网络，组合灵活，联接方式简单、方便，能满足多种用户要求。特别适用于城市电网改造工程，提高供电安全、稳定的可靠性。◇ 开关柜结构、性能及特点 ◇       箱体为户外全绝缘、全密封、全工况型金属封闭箱式结构，体积小，结构紧凑，安装方便，防尘、防潮、耐腐蚀、抗污染，环境适应能力强，而且具有较强的防洪能力。运行安全可靠，可免维护。能有效地对供电线路进行控制、转换、改变运行方式，可根据需求选配电动操作机构实现遥控及配电自动化功能。◇ 正常使用条件 ◇海拔高度：不超过4000 m ；环境温度：上限＋40℃，下限－15℃；日平均气温不超过35℃。周围风速；不超过34m ；安装场所：没有严重污秽、烟尘、爆炸危险、化学腐蚀、蒸汽环境，污秽等级一般不超过Ⅱ级。注：凡超出上述要求范围的，应与制造厂协商确定。","1、 户外开关箱DFW7-12(F)已按新标准、高参数要求通过了包括高低温试验项目的全套型式试验（含配网自动化），并通过广州供电局SF6环网柜样品检测；2、 通过海拔高度4000m的型式试验，已在贵州、云南等高海拔地区广泛使用，运行安全、稳定、可靠。3、 所配套环网柜通过了内部电弧故障（20kA/0.5s）试验、零表压下开断额定有功负载电流试验；4、 DFW7系列产品已按NB∕T 20040-2011《核电厂安全级电气设备抗震鉴定试验规则》要求通过抗地震试验，并在阳江等核电厂应用；5、 DFW7-12(F)户外开关箱等25个配网产品通过广东电网公司和广东省机械行业协会联合组织的新产品鉴定；6、 已获发明、实用新型等专利技术7项，是“广东省高新技术产品”；7、 外型美观新颖，可根据政治时势、环保文明等主题、企业形象进行景观设计，让市民有政治氛围、绿色环保、美化环境、眼前一亮的感观；8、 可选配正超自主品牌主要一二次电气元件和新技术新材料，实现智能配网功能升级：","https://www.stzc.com/Upload/Images/20180921/805d36cfaa924b7ca415936f9f8022aa.jpg","https://www.stzc.com/Products/Show_142.html"
"8","2025-04-21 11:25:06","40.5kV  箱型固定式交流金属封闭开关设备","https://www.stzc.com/Upload/Images/20250104/63ebf08681c04ddca052d8dc6a776aa5.jpg","","",\N,"https://www.stzc.com/Products/Show_537.html"
"9","2025-04-21 11:25:10","10kV SC(B) 系列电力干式变压器","https://www.stzc.com/Upload/Images/20241008/c45ebaa04f774cd7b16a8d319f4bdd9f.jpg","","",\N,"https://www.stzc.com/Products/Show_523.html"
"10","2025-04-21 11:25:15","10kV SC(B)13 系列 环氧树脂浇注干式变压器","https://www.stzc.com/Upload/Images/20241008/ba87c3c461364c229f79f86894a15e5d.jpg","","",\N,"https://www.stzc.com/Products/Show_524.html"
"11","2025-04-21 11:25:19","干式非晶合金铁心配电变压器","https://www.stzc.com/Upload/Images/20241008/0f3722bcb59c4af8965f559b6b595acf.jpg","","",\N,"https://www.stzc.com/Products/Show_525.html"
"12","2025-04-21 11:25:23","10kV S22-M 系列油浸式配电变压器","https://www.stzc.com/Upload/Images/20241008/240a93ed47a24e389a72380957e21884.jpg","","",\N,"https://www.stzc.com/Products/Show_526.html"
"13","2025-04-21 11:25:27","ZCGF高分子凝固型防潮封堵剂","https://www.stzc.com/Upload/Images/20180927/2a16b331f5924ecdb04fd46cc6a33df2.jpg","ZCGF高分子凝固型防潮封堵剂应用高分子聚合物混合技术，采用高活性化学物质配方，对电气设备底部缝隙形成充分密封；能耐受全温度冻融循环和各种恶劣环境，不变形、不变质、不开裂，效果持久；与各种金属材质、电缆护套材质均可紧密粘合，而且不产生任何不良化学反应；是电网电气设备安全运行，防潮封堵作业的首选方案，具有以下功能、特点：防水、防潮、防尘、防有毒性气体，防止小动物侵袭；防火阻燃、低烟无卤，操作简便，无需辅助（电、火和水等）；坚固分子闭孔矩阵结构，成型后有韧性、重量轻，不会破碎或塌落；膨胀前在密封面上充分流动并自动找平；无毒环保、抗腐蚀，可耐受各种恶劣环境；与电缆护套及周围建筑结构紧密粘合，无腐蚀反应；可作用于悬垂楼板或直接用于底板上，是电气设备安全防护理想选择。可修复。新增电缆或修复已凝固的防潮封堵板方便，可使用木工螺旋钻头或孔锯钻孔，在新增电缆或管道敷设后，再使用适量的防潮封堵剂进行填充修复。","ZCGF高分子凝固型防潮封堵剂应用高分子聚合物混合技术，采用高活性化学物质配方，对电气设备底部缝隙形成充分密封；能耐受全温度冻融循环和各种恶劣环境，不变形、不变质、不开裂，效果持久；与各种金属材质、电缆护套材质均可紧密粘合，而且不产生任何不良化学反应；是电网电气设备安全运行，防潮封堵作业的首选方案，具有以下功能、特点：防水、防潮、防尘、防有毒性气体，防止小动物侵袭；防火阻燃、低烟无卤，操作简便，无需辅助（电、火和水等）；坚固分子闭孔矩阵结构，成型后有韧性、重量轻，不会破碎或塌落；膨胀前在密封面上充分流动并自动找平；无毒环保、抗腐蚀，可耐受各种恶劣环境；与电缆护套及周围建筑结构紧密粘合，无腐蚀反应；可作用于悬垂楼板或直接用于底板上，是电气设备安全防护理想选择。可修复。新增电缆或修复已凝固的防潮封堵板方便，可使用木工螺旋钻头或孔锯钻孔，在新增电缆或管道敷设后，再使用适量的防潮封堵剂进行填充修复。","https://www.stzc.com/Upload/Images/20180927/f824c512b2c3480c9b1055350e2f1f27.png","https://www.stzc.com/Products/Show_167.html"
"14","2025-04-21 11:25:31","智能锁（智能钥匙管控系统）","https://www.stzc.com/Upload/Images/20181011/3ce49066ee644080a7cae21ac2b38f7d.jpg","正超电气智能锁解决方案主要由云平台、物联网、智能锁、手机APP等主要部分组成，是物联网、低功耗智能锁具和云平台的有效融合，实现锁具远程可管可控、免钥匙开锁的智能锁管理系统。具有以下功能、特点：物联网技术上行采用2G/3G/4G技术，后续可以升级为NB-IOT，具备广覆盖、低功耗、大连接、低成本的优点，保证了锁具安装地点广、待机工作时间长，且成本低廉经济实惠。手机APP免钥匙开锁通过互联网云平台，通过扫码请求平台远程给手机APP空中授权开锁，彻底摆脱钥匙管理的烦恼；现场实景实时回传，关键信息拍照上传系统存档通过开锁、关锁时上传场景照片的方式，使维护管理人员可及时了解电力设备真实使用情况，提升资源管理水平。同时，实现对工程及维护的实时监控，做到“可管、可控、可追溯”。异常情况主动上报暴力开锁、破坏等行为系统自动上传到云平台，同时声光告警，提示维护人员。大大降低运维人员工作强度，降低维护成本，并能及时有效处理突发事件。","正超电气智能锁解决方案主要由云平台、物联网、智能锁、手机APP等主要部分组成，是物联网、低功耗智能锁具和云平台的有效融合，实现锁具远程可管可控、免钥匙开锁的智能锁管理系统。具有以下功能、特点：物联网技术上行采用2G/3G/4G技术，后续可以升级为NB-IOT，具备广覆盖、低功耗、大连接、低成本的优点，保证了锁具安装地点广、待机工作时间长，且成本低廉经济实惠。手机APP免钥匙开锁通过互联网云平台，通过扫码请求平台远程给手机APP空中授权开锁，彻底摆脱钥匙管理的烦恼；现场实景实时回传，关键信息拍照上传系统存档通过开锁、关锁时上传场景照片的方式，使维护管理人员可及时了解电力设备真实使用情况，提升资源管理水平。同时，实现对工程及维护的实时监控，做到“可管、可控、可追溯”。异常情况主动上报暴力开锁、破坏等行为系统自动上传到云平台，同时声光告警，提示维护人员。大大降低运维人员工作强度，降低维护成本，并能及时有效处理突发事件。","https://www.stzc.com/Upload/Images/20180927/b94c98fb16c44cbabe8619fb223e0a36.png","https://www.stzc.com/Products/Show_166.html"
"15","2025-04-21 11:25:36","ZCSC开关设备状态在线监测系统","https://www.stzc.com/Upload/Images/20180927/841609ebd98c4288a3fadf906b72d55f.jpg","ZCSC开关设备状态在线监测系统，有效解决传统的一次设备定期检修，盲目解体拆卸，浪费了大量的人力、物力和财力的问题，同时也降低停电损失和提高一次成套设备自身的寿命。基于智能传感器的一次设备在线监测，通过分析现场物理层传感器收集的设备机械特性、导电特性、绝缘特性等各种状态数据，提供设备健康状态判别、故障预测及最优解决方案，以及设备寿命预测，为一次设备的产品改进提供数据支撑。系统主要功能(1)监测功能：断路器机械特性监测分、合闸线圈动作电流监测母排、触头温度监测*局放监测*气箱温湿度、压力监测*(2)测控功能：遥信，遥测上送机械特性曲线上送定值、软压板修改注：“*”表示该功能可选（产品二维码，扫码链接官网产品页面，查阅产品介绍、功能特点和标准技术参数） 系统特点监测模块与一次设备实现一二次融合的一体化设计；多维度传感单元一体化设计，集成度高，安装简易；创新的结构设计，在保证设备原有性能不改变的情况下实现模块的更换；可实现一次设备的就地化状态评估。一体化解决方案，满足35kV及以下开关成套设备的生命周期管理及运维数据要求，为设备运维大数据提供数据及策略支持。线式系统设计，可以同时接入多台设备的传感数据，组成网络，性价比高。免维护设计，核心单元具有完善的自检功能，发现异常时及时告警；支持IEC60870-5-101、IEC60870-5-103、 IEC60870-5-104等多种通信规约，可以独立与云平台进行数据交换。支持故障录波功能；支持不停电检修模式。","ZCSC开关设备状态在线监测系统，有效解决传统的一次设备定期检修，盲目解体拆卸，浪费了大量的人力、物力和财力的问题，同时也降低停电损失和提高一次成套设备自身的寿命。基于智能传感器的一次设备在线监测，通过分析现场物理层传感器收集的设备机械特性、导电特性、绝缘特性等各种状态数据，提供设备健康状态判别、故障预测及最优解决方案，以及设备寿命预测，为一次设备的产品改进提供数据支撑。系统主要功能(1)监测功能：断路器机械特性监测分、合闸线圈动作电流监测母排、触头温度监测*局放监测*气箱温湿度、压力监测*(2)测控功能：遥信，遥测上送机械特性曲线上送定值、软压板修改注：“*”表示该功能可选（产品二维码，扫码链接官网产品页面，查阅产品介绍、功能特点和标准技术参数） 系统特点监测模块与一次设备实现一二次融合的一体化设计；多维度传感单元一体化设计，集成度高，安装简易；创新的结构设计，在保证设备原有性能不改变的情况下实现模块的更换；可实现一次设备的就地化状态评估。一体化解决方案，满足35kV及以下开关成套设备的生命周期管理及运维数据要求，为设备运维大数据提供数据及策略支持。线式系统设计，可以同时接入多台设备的传感数据，组成网络，性价比高。免维护设计，核心单元具有完善的自检功能，发现异常时及时告警；支持IEC60870-5-101、IEC60870-5-103、 IEC60870-5-104等多种通信规约，可以独立与云平台进行数据交换。支持故障录波功能；支持不停电检修模式。","https://www.stzc.com/Upload/Images/20180929/dd8a696682204ad79c2be7136577c83e.png","https://www.stzc.com/Products/Show_165.html"
"16","2025-04-21 11:25:39","ZCTC-A声表面波温度在线监测装置","https://www.stzc.com/Upload/Images/20180927/0c6fb3d1c8a445af913148cadd0ad6a5.jpg","ZCTC-A声表面波温度在线监测装置采用最新的微处理器、数字信号处理技术、声表面波技术设计而成，可取代大量传统的红外、光纤及有源无线测温设备，用以实现电气一次设备的温度在线监测，为电气一次设备的维护与检修提供科学依据。无源无线测温设备的SAW温度传感器是基于声表面波测温原理，其无源无线的测温方式，有效的解决了传统测温技术在安全性、可靠性、稳定性、实用性等方面存在的问题。测量原理采用特殊设计的声表谐振器（SAW），当有一个固定频率的电波输入到声表谐振器，谐振器输出的电波信号频率会随着谐振器感受到的环境温度的变化而变化，利用它的这个特性，通过采集谐振器的输出频率，就可以换算出谐振器对应的环境温度，达到测量环境温度的目的。声表谐振器具有无源、单调、重复性好、线性度好的优点。主要特点双32位机系统，系统冗余大；温度采集功能采用32位DSP处理器，程序在片内运行，速度快、可靠性高；温度传感器采用双芯片设计，能有效增强信号，保证信号稳定性，同时能解决在极端情况下由于柜体轻微变形引起的“多径效应”注；采用Modbus通讯协议，可与后台通讯，实现温度在线监测、温度告警和对时等功能；无线方式温度数据采集，测温最高可达160℃，安全性好、量程大、精度高；SAW温度传感器体积小安装方便灵活不受开关柜结构和空间影响；SAW温度传感器采用无源方式工作，安装成功后基本无需维护；能工作在强磁、强电、粉尘等各种恶劣的运用场合。注：多径效应（multipath effect）是指电磁波经过不同路径传播后，各回波分量到达接收端时间不同，按各自相位相互叠加而造成干扰，使得原来的信号失真，或者产生错误。","ZCTC-A声表面波温度在线监测装置采用最新的微处理器、数字信号处理技术、声表面波技术设计而成，可取代大量传统的红外、光纤及有源无线测温设备，用以实现电气一次设备的温度在线监测，为电气一次设备的维护与检修提供科学依据。无源无线测温设备的SAW温度传感器是基于声表面波测温原理，其无源无线的测温方式，有效的解决了传统测温技术在安全性、可靠性、稳定性、实用性等方面存在的问题。测量原理采用特殊设计的声表谐振器（SAW），当有一个固定频率的电波输入到声表谐振器，谐振器输出的电波信号频率会随着谐振器感受到的环境温度的变化而变化，利用它的这个特性，通过采集谐振器的输出频率，就可以换算出谐振器对应的环境温度，达到测量环境温度的目的。声表谐振器具有无源、单调、重复性好、线性度好的优点。主要特点双32位机系统，系统冗余大；温度采集功能采用32位DSP处理器，程序在片内运行，速度快、可靠性高；温度传感器采用双芯片设计，能有效增强信号，保证信号稳定性，同时能解决在极端情况下由于柜体轻微变形引起的“多径效应”注；采用Modbus通讯协议，可与后台通讯，实现温度在线监测、温度告警和对时等功能；无线方式温度数据采集，测温最高可达160℃，安全性好、量程大、精度高；SAW温度传感器体积小安装方便灵活不受开关柜结构和空间影响；SAW温度传感器采用无源方式工作，安装成功后基本无需维护；能工作在强磁、强电、粉尘等各种恶劣的运用场合。注：多径效应（multipath effect）是指电磁波经过不同路径传播后，各回波分量到达接收端时间不同，按各自相位相互叠加而造成干扰，使得原来的信号失真，或者产生错误。","https://www.stzc.com/Upload/Images/20180927/7b8dd3a4658d4efcad835d49061d33fc.png","https://www.stzc.com/Products/Show_164.html"
"17","2025-04-21 11:25:42","ZC9800开关柜智能操显装置","https://www.stzc.com/Upload/Images/20180927/e42d878662ea4f02bdc0d5777742aa9e.jpg","ZC9800开关柜智能操显装置是根据当前中压系统开关柜技术发展而设计开发的一种新型的模块化、智能型的操作测量显示装置。产品集回路模拟指示、带电指示及闭锁功能、温湿度数字实时显示（液晶）、自动加热除湿控制、自动排风降温控制、断路器分合闸状态指示、储能、接地开关指示、手车位置指示、人体感应语音提示，智能防误语音提示、分合闸回路指示以及RS 485通讯接口等功能于一体，可根据需要选配。性能优势：1、 ZC9800开关柜智能操显装置已按国家、行业标准要求通过型式试验。2、 装置以一体化布局配套装备于开关柜，将简化开关柜的面板结构设计，美化开关柜的面板布局，完善开关状态的指示功能和安全性能。","ZC9800开关柜智能操显装置是根据当前中压系统开关柜技术发展而设计开发的一种新型的模块化、智能型的操作测量显示装置。产品集回路模拟指示、带电指示及闭锁功能、温湿度数字实时显示（液晶）、自动加热除湿控制、自动排风降温控制、断路器分合闸状态指示、储能、接地开关指示、手车位置指示、人体感应语音提示，智能防误语音提示、分合闸回路指示以及RS 485通讯接口等功能于一体，可根据需要选配。性能优势：1、 ZC9800开关柜智能操显装置已按国家、行业标准要求通过型式试验。2、 装置以一体化布局配套装备于开关柜，将简化开关柜的面板结构设计，美化开关柜的面板布局，完善开关状态的指示功能和安全性能。","https://www.stzc.com/Upload/Images/20180929/9cb07a951cf84bbeba4125fb7f5333c0.png","https://www.stzc.com/Products/Show_163.html"
"18","2025-04-21 11:25:45","ZCFTU智能分界开关控制器（配电自动化终端）","https://www.stzc.com/Upload/Images/20180927/042c5cdae86e4e88980b74e849ebdc36.jpg","ZCFTU系列配电自动化馈线终端采用高性能新技术平台，开发研制的新一代FTU终端设备，具有配网运行监视和控制功能，以及故障分析处理的配网自动化二次终端设备，用于与10kV柱上真空负荷开关或10kV柱上真空断路器融合使用，实现配电自动化。终端具备电压时间型等就地馈线自动化功能，具备相间短路故障保护和接地故障保护跳闸功能，以及单相接地自适应故障判断跳闸功能，和三相自动重合闸功能。性能优势：1.  ZCFTU系列智能分界开关控制器已按国家、行业标准要求通过全套型式试验。ZCFTU系列配电自动化终端已通过电气性能及安全、电磁兼容试验等全套型式试验；ZCFTU系列配电自动化终端与自主品牌FZW28-12柱上真空负荷开关、ZW□-12柱上真空断路器融合，通过10kV柱上真空负荷开关自动化成套设备、10kV柱上真空断路器自动化成套设备型式试验。","ZCFTU系列配电自动化馈线终端采用高性能新技术平台，开发研制的新一代FTU终端设备，具有配网运行监视和控制功能，以及故障分析处理的配网自动化二次终端设备，用于与10kV柱上真空负荷开关或10kV柱上真空断路器融合使用，实现配电自动化。终端具备电压时间型等就地馈线自动化功能，具备相间短路故障保护和接地故障保护跳闸功能，以及单相接地自适应故障判断跳闸功能，和三相自动重合闸功能。性能优势：1.  ZCFTU系列智能分界开关控制器已按国家、行业标准要求通过全套型式试验。ZCFTU系列配电自动化终端已通过电气性能及安全、电磁兼容试验等全套型式试验；ZCFTU系列配电自动化终端与自主品牌FZW28-12柱上真空负荷开关、ZW□-12柱上真空断路器融合，通过10kV柱上真空负荷开关自动化成套设备、10kV柱上真空断路器自动化成套设备型式试验。","https://www.stzc.comhttp://qxw1539260071.my3w.com/Upload/Images/20180929/64adb51964df498ea7aa04baace5af8e.png","https://www.stzc.com/Products/Show_162.html"
"19","2025-04-21 11:25:48","ZCFDR智能开关控制器（配电自动化终端）","https://www.stzc.com/Upload/Images/20180927/9dfc74d71efa4ad7b69b28f8d453a45a.jpg","ZCFDR-240智能开关控制器（配电自动化终端）是专门用于分界开关本体的智能控制。实现保护控制功能和通信功能，控制器与开关本体通过控制电缆和接插件进行电气连接，实现其保护及自动监控功能。性能优势：1.  配电自动化终端ZCFDR-240系列保护测控单元/综合测控通信单元已按国家、行业标准要求通过全套型式试验。ZCFDR-240保护测控单元在各个环网间隔分散安装，就地采集遥信、遥测信号和执行遥控命令，二次接线简单，可靠性高。各间隔相互独立，单台故障不影响其它，接口标准统一，可以实现功能单元相互替换，即插即用。ZCFDR-240（T）综合测控通信单元，一方面采集未安装保护测控单元的环网间隔的遥信、遥测电气量，控制这些间隔的各类电动开关等，另一方面通过总线跟其他所有环网间隔的保护测控单元连接，接收来自各单元的实时有效数据，下发遥控命令，实现配网主站对现场设备的监控功能。ZCFDR-240系列保护测控单元/综合测控通信单元，采用61850+GOOSE对等通信方式交互信息，通过对相邻节点的故障状态和自身的故障状态的综合判断，计算故障点位置，实现故障区段的定位、隔离，及恢复非故障区域的供电，实现基于网络通信的智能分布式馈线自动化功能。         2.  可与正超自主品牌10kV真空断路器柜（移开式）或10kV SF6断路器柜等一次设备融合，升级为10kV配电自动化成套设备，实现智能主站式或智能分布式配电自动化功能。","ZCFDR-240智能开关控制器（配电自动化终端）是专门用于分界开关本体的智能控制。实现保护控制功能和通信功能，控制器与开关本体通过控制电缆和接插件进行电气连接，实现其保护及自动监控功能。性能优势：1.  配电自动化终端ZCFDR-240系列保护测控单元/综合测控通信单元已按国家、行业标准要求通过全套型式试验。ZCFDR-240保护测控单元在各个环网间隔分散安装，就地采集遥信、遥测信号和执行遥控命令，二次接线简单，可靠性高。各间隔相互独立，单台故障不影响其它，接口标准统一，可以实现功能单元相互替换，即插即用。ZCFDR-240（T）综合测控通信单元，一方面采集未安装保护测控单元的环网间隔的遥信、遥测电气量，控制这些间隔的各类电动开关等，另一方面通过总线跟其他所有环网间隔的保护测控单元连接，接收来自各单元的实时有效数据，下发遥控命令，实现配网主站对现场设备的监控功能。ZCFDR-240系列保护测控单元/综合测控通信单元，采用61850+GOOSE对等通信方式交互信息，通过对相邻节点的故障状态和自身的故障状态的综合判断，计算故障点位置，实现故障区段的定位、隔离，及恢复非故障区域的供电，实现基于网络通信的智能分布式馈线自动化功能。         2.  可与正超自主品牌10kV真空断路器柜（移开式）或10kV SF6断路器柜等一次设备融合，升级为10kV配电自动化成套设备，实现智能主站式或智能分布式配电自动化功能。","https://www.stzc.com/Upload/Images/20180929/07c4c62ce1444197b4123a253a7af958.png","https://www.stzc.com/Products/Show_161.html"
"20","2025-04-21 11:25:51","ZCDTU智能开关控制器（配电自动化终端）","https://www.stzc.com/Upload/Images/20181130/7284c037bd1446fc92556bcae39c5321.jpg","ZCDTU-06配电自动化站所终端是一款以配电自动化系统为核心，具备多种通信方式，组态配置灵活的新型配电网自动化终端。终端内置通信管理模块，具备多种方式的通信接口和多种标准通信规约。向上与配电子站或配电主站通过以太网接口交互三遥（遥信、遥测、遥控）信息；向下可连接其它智能控制设备、仪表等，实现数据采集与转发功能。性能优势：1.  配电自动化终端ZCDTU已按国家、行业标准要求通过全套型式试验。ZCDTU-06配电自动化终端已通过电气性能及安全、电磁兼容试验等全套型式试验；ZCDTU-06配电自动化终端与自主品牌一次设备ZCSF-12型SF6全绝缘断路器柜融合，已通过了配网自动化联调保护传动型式试验，具有技术创新、性能安全、稳定、实用的特点。 2. 已获软件著作权1项；3.  可与正超自主品牌10kV环网柜、10kV开关柜等一次设备融合，升级为10kV配电自动化成套设备，实现配电自动化功能。","ZCDTU-06配电自动化站所终端是一款以配电自动化系统为核心，具备多种通信方式，组态配置灵活的新型配电网自动化终端。终端内置通信管理模块，具备多种方式的通信接口和多种标准通信规约。向上与配电子站或配电主站通过以太网接口交互三遥（遥信、遥测、遥控）信息；向下可连接其它智能控制设备、仪表等，实现数据采集与转发功能。性能优势：1.  配电自动化终端ZCDTU已按国家、行业标准要求通过全套型式试验。ZCDTU-06配电自动化终端已通过电气性能及安全、电磁兼容试验等全套型式试验；ZCDTU-06配电自动化终端与自主品牌一次设备ZCSF-12型SF6全绝缘断路器柜融合，已通过了配网自动化联调保护传动型式试验，具有技术创新、性能安全、稳定、实用的特点。 2. 已获软件著作权1项；3.  可与正超自主品牌10kV环网柜、10kV开关柜等一次设备融合，升级为10kV配电自动化成套设备，实现配电自动化功能。","https://www.stzc.comhttp://www.stzc.com/Upload/Images/20181130/4faab1e788ea49ec8c811bc54a0bc72e.jpg","https://www.stzc.com/Products/Show_160.html"
"21","2025-04-21 11:25:55","ZC9000综合保护装置","https://www.stzc.com/Upload/Images/20181130/0824851262b8460ca2155afa6c8de9fd.jpg","ZC9000系列综合保护装置，是根据输配变、发电厂中压系统开关柜自动化技术发展而设计开发的综合保护装置，有ZC9720A-H型线路保护、ZC9720B-H型电容器保护、ZC9720C-1H型变压器保护、ZC9720C-2H型主变后备保护、ZC9720C-3H型厂用变保护、ZC9720M-H型电动机保护、ZC9720D型备自投保护测控等保护方案，可根据具体需要选择。ZC9000综合保护装置已按国家、行业标准要求通过型式试验。ZC9720综合保护装置已通过型式试验；ZC8140备自投装置已通过电气性能及安全、电磁兼容试验等全套型式试验。","ZC9000系列综合保护装置，是根据输配变、发电厂中压系统开关柜自动化技术发展而设计开发的综合保护装置，有ZC9720A-H型线路保护、ZC9720B-H型电容器保护、ZC9720C-1H型变压器保护、ZC9720C-2H型主变后备保护、ZC9720C-3H型厂用变保护、ZC9720M-H型电动机保护、ZC9720D型备自投保护测控等保护方案，可根据具体需要选择。ZC9000综合保护装置已按国家、行业标准要求通过型式试验。ZC9720综合保护装置已通过型式试验；ZC8140备自投装置已通过电气性能及安全、电磁兼容试验等全套型式试验。","https://www.stzc.com/Upload/Images/20180927/2e1d06d7924a46a6b8ecdeb490fb3c6f.png","https://www.stzc.com/Products/Show_159.html"
"22","2025-04-21 11:26:00","ZCM低压塑壳断路器","https://www.stzc.com/Upload/Images/20180927/0af50d7571c343a1a5828a831bb2ca9e.jpg","ZCM2系列塑料外壳式断路器，适用于交流50Hz，额定电压1000V及以下，额定电流至800A的电路中，作为配电回路及电动机的控制、保护之用，具有过载、短路和欠电压保护等功能。断路器按其额定极限短路分断能力(Icu)分为L型（标准型）、M型（较高分断型）、H型（高分断型）三类。性能优势：1、 125A、250A、400A、630A及800A等全系列L、M、H三类分段能力等级产品均已通过国家强制性认证CCC型式试验，产品性能安全稳定，是低压配电及电动机控制、保护的理想产品；2、 与自主品牌低压成套设备配套使用，性能更安全、稳定、可靠。","ZCM2系列塑料外壳式断路器，适用于交流50Hz，额定电压1000V及以下，额定电流至800A的电路中，作为配电回路及电动机的控制、保护之用，具有过载、短路和欠电压保护等功能。断路器按其额定极限短路分断能力(Icu)分为L型（标准型）、M型（较高分断型）、H型（高分断型）三类。性能优势：1、 125A、250A、400A、630A及800A等全系列L、M、H三类分段能力等级产品均已通过国家强制性认证CCC型式试验，产品性能安全稳定，是低压配电及电动机控制、保护的理想产品；2、 与自主品牌低压成套设备配套使用，性能更安全、稳定、可靠。","https://www.stzc.com/Upload/Images/20180929/80f361214f9a4d6e82b9bbd1ea863490.png","https://www.stzc.com/Products/Show_158.html"
"23","2025-04-21 11:26:04","ZCCK红外测温窗","https://www.stzc.com/Upload/Images/20180927/d537b4f12a814b388bf13cfeeef08267.jpg","ZCCK系列开关柜红外测温窗口应用范围广，可安装于10kV～35kV开关柜及环网柜、开闭所、电缆分接箱、高压计量箱等高压电器上，实现开关柜等电气高压设备在带电运行状态下的红外成像测温的实时检测。性能优势：1、 ZCCK系列红外测温窗口，已通过晶体光透过率、红外透过率试验，机械碰撞、防护等级等试验；2、 ZCCK系列红外测温窗口，已配柜通过31.5kA/ 0.5s内部故障电弧试验。","ZCCK系列开关柜红外测温窗口应用范围广，可安装于10kV～35kV开关柜及环网柜、开闭所、电缆分接箱、高压计量箱等高压电器上，实现开关柜等电气高压设备在带电运行状态下的红外成像测温的实时检测。性能优势：1、 ZCCK系列红外测温窗口，已通过晶体光透过率、红外透过率试验，机械碰撞、防护等级等试验；2、 ZCCK系列红外测温窗口，已配柜通过31.5kA/ 0.5s内部故障电弧试验。","https://www.stzc.com/Upload/Images/20180929/5cb663c1aa3142d8ba8ef0d1dbacdc8a.png","https://www.stzc.com/Products/Show_157.html"
"24","2025-04-21 11:26:08","GN30-12改进型户内高压隔离开关","https://www.stzc.com/Upload/Images/20180927/726f896c362942ccb4155c68e002ef7b.jpg","GN30-12改进型户内高压隔离开关通过下述五方面创新技术改进：通过下述五方面创新技术改进：✧原工字形底座改进采用高纯度铜材机加工成形，增强导电率；✧增加静触头载流截面；✧增加动触刀载流截面；✧静触头触指和支座间增加同截面可调节连接，改进浮点接触导电差的缺点；✧隔离开关框加改为不锈钢框架，降低框架涡流发热。改造方案通过型式试验及现场验证，效果显著，具有以下优点：✧采用电解铜板机加工成形底座，替代原有铸铜工字形底座，提高了静触头整体的导电率；✧改善了触片和底座的连接结构，使隔离触头在长期运行过程中有足够的导电能力，连接结构处不会温升过高；✧增大了触片的导电截面，确保触片具有足够的载流截面；✧增大动触刀的导电截面，确保动触刀具有足够的载流截面；✧保留了原设计触片可动连接的优点，增加的可调节连接对触片的自由度没有影响，触片和动触刀筒的配合仍具有一定的自校正能力，也保证在合、分闸操作时触片的弹性结构，使触片和动触刀筒在合、分闸过程不会出现过大的摩擦力。这种结构既保证操作力不会过大，又不会出现触片和动触刀摩损。✧采用不导磁不锈钢材料制作框架，消除运行中的涡流效应发热。✧保留原设计的可调节连接结构，在保证设计的触指接触压力下，不增大操作力。✧不改变原设计的触头外形尺寸，现场在运行隔离开关进行改造时，可以直接替换静触头，方便现场改造，缩短停电时间。","GN30-12改进型户内高压隔离开关通过下述五方面创新技术改进：通过下述五方面创新技术改进：✧原工字形底座改进采用高纯度铜材机加工成形，增强导电率；✧增加静触头载流截面；✧增加动触刀载流截面；✧静触头触指和支座间增加同截面可调节连接，改进浮点接触导电差的缺点；✧隔离开关框加改为不锈钢框架，降低框架涡流发热。改造方案通过型式试验及现场验证，效果显著，具有以下优点：✧采用电解铜板机加工成形底座，替代原有铸铜工字形底座，提高了静触头整体的导电率；✧改善了触片和底座的连接结构，使隔离触头在长期运行过程中有足够的导电能力，连接结构处不会温升过高；✧增大了触片的导电截面，确保触片具有足够的载流截面；✧增大动触刀的导电截面，确保动触刀具有足够的载流截面；✧保留了原设计触片可动连接的优点，增加的可调节连接对触片的自由度没有影响，触片和动触刀筒的配合仍具有一定的自校正能力，也保证在合、分闸操作时触片的弹性结构，使触片和动触刀筒在合、分闸过程不会出现过大的摩擦力。这种结构既保证操作力不会过大，又不会出现触片和动触刀摩损。✧采用不导磁不锈钢材料制作框架，消除运行中的涡流效应发热。✧保留原设计的可调节连接结构，在保证设计的触指接触压力下，不增大操作力。✧不改变原设计的触头外形尺寸，现场在运行隔离开关进行改造时，可以直接替换静触头，方便现场改造，缩短停电时间。","https://www.stzc.com/Upload/Images/20180929/8a8301a037bb4f2db28c5066d0c2e382.png","https://www.stzc.com/Products/Show_156.html"
"25","2025-04-21 11:26:11","VS1-12户内高压真空断路器","https://www.stzc.com/Upload/Images/20180927/01caa34f0fd64c3899f1e252a68ae733.jpg","1、 1250A-25kA、1250A-31.5kA、2000A-31.5kA、2500A-25kA、2500A-31.5kA、3150A-31.5kA、3150A-40kA、4000A-40kA等全系列产品均通过型式试验，性能安全、稳定可靠，满足主网、配网各种电流规格的需求；2、 1250A-31.5kA真空断路器通过30000次机械寿命试验；3、 可配置电动底盘车，实现手车底盘车“远方/就地”电动操作；4、 与自主品牌10kV开关柜配套使用，性能更安全、稳定、可靠。注：配置电动底盘车的10kV移开式开关柜，已在国家资质实验室通过了“可移开部件（配电动底盘车）2000次”机械寿命的性能试验。","1、 1250A-25kA、1250A-31.5kA、2000A-31.5kA、2500A-25kA、2500A-31.5kA、3150A-31.5kA、3150A-40kA、4000A-40kA等全系列产品均通过型式试验，性能安全、稳定可靠，满足主网、配网各种电流规格的需求；2、 1250A-31.5kA真空断路器通过30000次机械寿命试验；3、 可配置电动底盘车，实现手车底盘车“远方/就地”电动操作；4、 与自主品牌10kV开关柜配套使用，性能更安全、稳定、可靠。注：配置电动底盘车的10kV移开式开关柜，已在国家资质实验室通过了“可移开部件（配电动底盘车）2000次”机械寿命的性能试验。","https://www.stzc.com/Upload/Images/20180927/0880beeccbd74761ace62a243c229cff.png","https://www.stzc.com/Products/Show_155.html"
"26","2025-04-21 11:26:15","ZCAPF三相负荷不平衡自动调节装置","https://www.stzc.com/Upload/Images/20180822/bc0604582f194a738f21e8deedf81efc.jpg","ZCAPF三相负荷不平衡自动调节装置ZCAPF三相负荷不平衡自动调整装置（电能质量补偿装置）是针对400V低压配电网三相功率不平衡治理、无功补偿、变压器无功治理以及电压支撑设备。核心优势：1、 实现电能质量系统谐波治理：可同时滤除2-50次谐波；无功补偿：容感性负载-1～1无级补偿；三相不平衡补偿：有功不平衡补偿、无功不平衡补偿、分相补偿。2、 全面保护功能谐振检测温度检测过电压、欠电压、过电流、短路保护等。3、 良好的人机交互体验采用不同尺寸的触摸彩屏及后台监控软件实时监控电流有效值大小、功率因素、有功功率、无功功率、THDi、THDu等数据。4、 模块化设计多种容量模块，可任意组合并机。任意模块都能实现所有功能；任一模块出现问题，其余模块都能够正常运行，保障系统安全运行的连续性；模块支持热插拔，维护及扩展容方便。5、 多种通讯方式自带RS485通讯接口；可扩展以太网/WIFI/ GPRS，方便维护、设置。6、 支持个性化定制升级为集控制、保护、无功补偿、消除谐波、电能分配与计量等诸多功能于一体的新型智能综合配电装置。","ZCAPF三相负荷不平衡自动调节装置ZCAPF三相负荷不平衡自动调整装置（电能质量补偿装置）是针对400V低压配电网三相功率不平衡治理、无功补偿、变压器无功治理以及电压支撑设备。核心优势：1、 实现电能质量系统谐波治理：可同时滤除2-50次谐波；无功补偿：容感性负载-1～1无级补偿；三相不平衡补偿：有功不平衡补偿、无功不平衡补偿、分相补偿。2、 全面保护功能谐振检测温度检测过电压、欠电压、过电流、短路保护等。3、 良好的人机交互体验采用不同尺寸的触摸彩屏及后台监控软件实时监控电流有效值大小、功率因素、有功功率、无功功率、THDi、THDu等数据。4、 模块化设计多种容量模块，可任意组合并机。任意模块都能实现所有功能；任一模块出现问题，其余模块都能够正常运行，保障系统安全运行的连续性；模块支持热插拔，维护及扩展容方便。5、 多种通讯方式自带RS485通讯接口；可扩展以太网/WIFI/ GPRS，方便维护、设置。6、 支持个性化定制升级为集控制、保护、无功补偿、消除谐波、电能分配与计量等诸多功能于一体的新型智能综合配电装置。","https://www.stzc.com/Upload/Images/20180930/35f0585a9f6644eaa846cbf19299b737.png","https://www.stzc.com/Products/Show_12.html"
"27","2025-04-21 11:26:18","ZCSPC三相负荷不平衡调节装置","https://www.stzc.com/Upload/Images/20180926/dabe1c46bc4c488697a87abdbef55d99.jpg","ZCSPC三相负荷不平衡调节装置通过外部电流互感器（CT）实时采集负载电流，并将系统电流信息发送给内部控制器进行处理分析，判断系统是否处于不平衡状态，并计算达到平衡状态时各相所需转换的电流值，然后将信号发送给内部IGBT并驱动其动作，将不平衡电流从电流大的相转移到电流小的相，实现三相平衡功能。核心优势：1、 卓越的补偿效果cosФ0.99 级无功补偿功能；三相不平衡补偿功能；适量的电压调节功能；容感性负载 -1 ～ 1 补偿效果；有效避免因未及时无功补偿而带来的力率电费罚款。2、 快速稳定的实时响应实时补偿，响应时间小于 15ms；无过补、无欠补、无谐振。3、 模块化设计易安装、易调试、易维护、易运输。4、 多种模块功能的组合应用单独 SPC 模块：① 无功补偿；② 三相不平衡补偿；③ 无功补偿 + 三相不平衡补偿。SPC 模块 +APF 模块：SPC 功能 + 谐波补偿。5、 服务寿命长设计寿命为10万小时，免维护。6、 多种通讯方式自带 485 通讯接口；可扩展以太网 /WIFI / GPRS，方便维护、设置。","ZCSPC三相负荷不平衡调节装置通过外部电流互感器（CT）实时采集负载电流，并将系统电流信息发送给内部控制器进行处理分析，判断系统是否处于不平衡状态，并计算达到平衡状态时各相所需转换的电流值，然后将信号发送给内部IGBT并驱动其动作，将不平衡电流从电流大的相转移到电流小的相，实现三相平衡功能。核心优势：1、 卓越的补偿效果cosФ0.99 级无功补偿功能；三相不平衡补偿功能；适量的电压调节功能；容感性负载 -1 ～ 1 补偿效果；有效避免因未及时无功补偿而带来的力率电费罚款。2、 快速稳定的实时响应实时补偿，响应时间小于 15ms；无过补、无欠补、无谐振。3、 模块化设计易安装、易调试、易维护、易运输。4、 多种模块功能的组合应用单独 SPC 模块：① 无功补偿；② 三相不平衡补偿；③ 无功补偿 + 三相不平衡补偿。SPC 模块 +APF 模块：SPC 功能 + 谐波补偿。5、 服务寿命长设计寿命为10万小时，免维护。6、 多种通讯方式自带 485 通讯接口；可扩展以太网 /WIFI / GPRS，方便维护、设置。","https://www.stzc.com/Upload/Images/20180930/328370fdcdb842db922a3d60648669b5.png","https://www.stzc.com/Products/Show_154.html"
"28","2025-04-21 11:26:22","ZCLVR低压电压补偿装置","https://www.stzc.com/Upload/Images/20180822/952b9d17217649fcbf9097524361d2ba.jpg","ZCLVR低压线路调压器，串接在低压末端线路中，实时检测设备的输入电压Ui（线路抬升前电压）与输出电压Uo，当Ui过低时，低压电压补偿装置根据实际输入电压的数值投入相应的抬升电压，使输出电压Uo满足负载正常工作，解决用电末端低电压问题。核心优势：1、多档位调节采用换向继电器，可实现8档升压，8档降压；输出每档切换为5Vrms，切换过程，电网不中断、不突变；2、先进的控制算法保证装置运行高效稳定采用DSP进行智能控制、保护、实时故障诊断；输入电压低至150Vrms（输出183Vrms），仍能按额定容量工作；设备调压效率高，不调压时自动处于旁路模式，以便节能；设备自带温控风扇，环境温度较低时自然冷却，高温时自动进行强迫风冷；带输出过载保护，变压器过温保护，输出短路保护（内部断路器）；3、多种通讯方式自带RS485通讯接口；可扩展以太网/WIFI/GPRS，方便维护、设置；4、便捷直观的人机交互界面自带LCD，可查看故障记录，设置参数等；5、采用成熟的复合开关技术采用晶闸管过零切换，配合继电器旁路，换档快、损耗低、寿命长，输出无冲击；调压、旁路可手动切换；旁路容量为额定值的2倍；6、多种实用功能可选自带电容无功补偿（可选），根据负载情况，自动实现过零投切，并有电容组的过流保护；最低维持电压为90Vrms,低于维持电压后停止输出；带维修旁路（可选）","ZCLVR低压线路调压器，串接在低压末端线路中，实时检测设备的输入电压Ui（线路抬升前电压）与输出电压Uo，当Ui过低时，低压电压补偿装置根据实际输入电压的数值投入相应的抬升电压，使输出电压Uo满足负载正常工作，解决用电末端低电压问题。核心优势：1、多档位调节采用换向继电器，可实现8档升压，8档降压；输出每档切换为5Vrms，切换过程，电网不中断、不突变；2、先进的控制算法保证装置运行高效稳定采用DSP进行智能控制、保护、实时故障诊断；输入电压低至150Vrms（输出183Vrms），仍能按额定容量工作；设备调压效率高，不调压时自动处于旁路模式，以便节能；设备自带温控风扇，环境温度较低时自然冷却，高温时自动进行强迫风冷；带输出过载保护，变压器过温保护，输出短路保护（内部断路器）；3、多种通讯方式自带RS485通讯接口；可扩展以太网/WIFI/GPRS，方便维护、设置；4、便捷直观的人机交互界面自带LCD，可查看故障记录，设置参数等；5、采用成熟的复合开关技术采用晶闸管过零切换，配合继电器旁路，换档快、损耗低、寿命长，输出无冲击；调压、旁路可手动切换；旁路容量为额定值的2倍；6、多种实用功能可选自带电容无功补偿（可选），根据负载情况，自动实现过零投切，并有电容组的过流保护；最低维持电压为90Vrms,低于维持电压后停止输出；带维修旁路（可选）","https://www.stzc.com/Upload/Images/20180930/7fb8c36fc360481882c9350d316d9db3.png","https://www.stzc.com/Products/Show_11.html"
"29","2025-04-21 11:26:26","ZCAVQ有源电压优化装置","https://www.stzc.com/Upload/Images/20180822/267905e458cc4c4280cc5eaf2632079d.jpg","ZCAVQ有源电压优化装置ZCAVQ有源电压优化装置，装置串联接入系统中，通过实时检测电网电压，针对异常电压与目标基准电压做差值，使得串联式电压质量调节器输出与差值电压大小相等方向相反的电压叠加到电网电压上，实现串联式电压质量调节器输出稳定的合格电压；而且具备滤除电网谐波电压，分解出3～25次谐波电压，设备输出大小相等方向相反的谐波电压注入电网，实现消除电压背景谐波电压，使电网电压畸变率≤5%，为后级敏感负载提供安全稳定的运行环境。核心优势：1、现代电力电子技术应用现代电力电子技术，实现电压调节和谐波抑制；2、模块化功能单元模块化，多模块并联实现简单扩容；3、便捷扩展为三相应用功能单元模块化，由单相便捷实现三相系统应用；4、使用维护方便快捷功能单元模块化，使用维护方便快捷；5、调压范围宽130V~280V。","ZCAVQ有源电压优化装置ZCAVQ有源电压优化装置，装置串联接入系统中，通过实时检测电网电压，针对异常电压与目标基准电压做差值，使得串联式电压质量调节器输出与差值电压大小相等方向相反的电压叠加到电网电压上，实现串联式电压质量调节器输出稳定的合格电压；而且具备滤除电网谐波电压，分解出3～25次谐波电压，设备输出大小相等方向相反的谐波电压注入电网，实现消除电压背景谐波电压，使电网电压畸变率≤5%，为后级敏感负载提供安全稳定的运行环境。核心优势：1、现代电力电子技术应用现代电力电子技术，实现电压调节和谐波抑制；2、模块化功能单元模块化，多模块并联实现简单扩容；3、便捷扩展为三相应用功能单元模块化，由单相便捷实现三相系统应用；4、使用维护方便快捷功能单元模块化，使用维护方便快捷；5、调压范围宽130V~280V。","https://www.stzc.comhttp://qxw1539260071.my3w.com/Upload/Images/20180822/e539a7523af6464d9847e2037e149eb8.jpg","https://www.stzc.com/Products/Show_5.html"
"30","2025-04-21 11:26:30","核电站用安全级就地控制设备","https://www.stzc.com/Upload/Images/20180927/dc707b80a6a04c3a9a6db289e11ed402.jpg","1、 公司获得国家核安全局颁发的“民用核安全设备设计许可证”、“民用核安全设备制造许可证”，是华中、华南地区唯一获得此证的企业。许可范围涵盖1E级仪控接线箱，控制屏、台、箱，以及1E级电气盘、台、屏、箱。2、 JX型、JXF型、XL-21型及JXH等低压电控箱已通过1E级K1、K3类各项型式试验、核电典型功能试验及抗地震试验。3、 JX型、JXF型、XL-21型及JXH等低压电控箱已根据华龙一号三代核电机组及防城港3-4号机组全厂电气/仪控就地盘箱柜的要求，完成了全套电气性能和抗震试验，并通过国家级产品鉴定。4、 近年来，先后为岭澳二期、广东阳江、台山核电、广西防城港、福建宁德及辽宁红沿河等18台核电机组设计、供应超21万台低压配电设备。","1、 公司获得国家核安全局颁发的“民用核安全设备设计许可证”、“民用核安全设备制造许可证”，是华中、华南地区唯一获得此证的企业。许可范围涵盖1E级仪控接线箱，控制屏、台、箱，以及1E级电气盘、台、屏、箱。2、 JX型、JXF型、XL-21型及JXH等低压电控箱已通过1E级K1、K3类各项型式试验、核电典型功能试验及抗地震试验。3、 JX型、JXF型、XL-21型及JXH等低压电控箱已根据华龙一号三代核电机组及防城港3-4号机组全厂电气/仪控就地盘箱柜的要求，完成了全套电气性能和抗震试验，并通过国家级产品鉴定。4、 近年来，先后为岭澳二期、广东阳江、台山核电、广西防城港、福建宁德及辽宁红沿河等18台核电机组设计、供应超21万台低压配电设备。","https://www.stzc.com/Upload/Images/20180929/540fb4ac8a804f45a6df6d8f286e769a.png","https://www.stzc.com/Products/Show_151.html"
"31","2025-04-21 11:26:33","SGZ-H-K3核极(安全级)低压抽出式成套开关设备","https://www.stzc.com/Upload/Images/20180927/3a2d7586ca02469dae58831b4ad13a2e.jpg","SGZ-H-K3核极(安全级)低压抽出式成套开关设备 SGZ-H-K3核极(安全级)低压抽出式成套开关设备是根据国内外核电厂电气设备设计规范和运行经验而研制的新型低压成套开关柜，适用于核电厂380VAC低压配电系统，作为安全级电气或仪控设备电源分配之用。设备采用模数化设计，具有电气方案组合灵活、安装维护方便等特点。设备按照核电厂安全级电气设备相关标准和CPR1000+压水堆核电站核岛低压电气设备技术要求，通过了基准电气性能、抗地震性能及内部故障电弧等型式试验。设备采用拼接和局部焊接组装而成，设备各隔室（包括：母线室、电缆室、小母线室、功能器件室）之间均采用金属钢板分隔。抽屉单元具有明显的“连接”、“试验”、“分离” 位置和锁定装置，可确保设备运行及维护人员的安全。   产品符合的主要标准及规范GB 7251.1-2005 《低压成套开关设备和控制设备 第1部分：型式试验和部分型式试验成套设备》GB/T 13625- 1992 《核电厂安全系统电气设备抗震鉴定》GB/T 12727-2002《核电厂安全系统电气设备质量鉴定》RCC-E 2005    《压水堆核电站核岛电气设备设计和建造规则》IEEE323-2003  《Standard for Qualifying Class 1E Equipment for Nuclear Power Generating Stations》IEEE 344-2004  《Recommended Practice for Seismic Qualification Of Class 1E Equipment for Nuclear Power Generating Stations》产品使用环境条件海拔高度        低于2000m环境温度        -5℃～＋40℃ ；日平均温度 ≤35℃ ；相对湿度        相对湿度可达到100％。","1、 公司获得国家核安全局颁发的“民用核安全设备设计许可证”、“民用核安全设备制造许可证”，是华中、华南地区唯一获得此证的企业。许可范围涵盖1E级交流低压开关柜。2、 公司“广东省重大战略产业发展专项—核电站安全级低压成套开关设备开发项目”的承担和实施单位，在低压柜产品可靠性、安全性方面有多项重大技术突破。核安全级产品已于2011年11月按照核电行业技术标准要求通过全套型式试验，并通过科技成果鉴定：电气性能试验、抗地震性能试验；内部故障引弧试验（35kA/0.3s）；产品通过广东省科技成果鉴定，荣获省科技成果奖、汕头市科学技术一等奖等荣誉。3、 产品已获发明、实用新型等专利8项，是“广东省高新技术产品”。","https://www.stzc.com/Upload/Images/20180927/d43d49e585a549fa85c2f9f61dcb3c81.png","https://www.stzc.com/Products/Show_168.html"
"32","2025-04-21 11:26:37","XL-21系列智能低压综合配电箱（变压器配电箱）","https://www.stzc.com/Upload/Images/20180822/c169d76ecb9d4edf94f14764e29ae1ea.jpg","1、 已按新标准要求通过了全套型式试验并获得国家强制性产品认证（CCC）认证证书；2、 产品防水性能、外观、连锁等技术已获发明、外观实用新型专利共7项，已获软件著作权1项，是广东省高新技术产品；3、 通过广东电网公司与广东省机械行业协会联合组织的新产品鉴定；4、 可选配正超自主品牌主要一二次电气元件和新技术新材料，实现智能功能升级：如：配置自主品牌APF电能质量综合治理模块，升级为智能变压器配电箱，具有三相不平衡自动调节治理、智能无功补偿、智能谐波治理的功能。（具电能质量治理功能的智能低压综合配电箱（变压器配电箱））（低压综合配电箱（变压器配电箱）","1、 已按新标准要求通过了全套型式试验并获得国家强制性产品认证（CCC）认证证书；2、 产品防水性能、外观、连锁等技术已获发明、外观实用新型专利共7项，已获软件著作权1项，是广东省高新技术产品；3、 通过广东电网公司与广东省机械行业协会联合组织的新产品鉴定；4、 可选配正超自主品牌主要一二次电气元件和新技术新材料，实现智能功能升级：如：配置自主品牌APF电能质量综合治理模块，升级为智能变压器配电箱，具有三相不平衡自动调节治理、智能无功补偿、智能谐波治理的功能。（具电能质量治理功能的智能低压综合配电箱（变压器配电箱））（低压综合配电箱（变压器配电箱）","https://www.stzc.com/Upload/Images/20180921/f75c094451ed4965a87e80b0cc3b0905.jpg","https://www.stzc.com/Products/Show_9.html"
"33","2025-04-21 11:26:40","SGZ型组合式交流低压关柜","https://www.stzc.com/Upload/Images/20180822/11c95720f4364a73a41dde82e89a21c4.jpg","SGZ型交流低压成套开关设备       　　SGZ型组合式交流低压关柜，系三/ 四相交流、50Hz的低压成套开关设备，是“正超”在GCS型低压抽出式开关柜及SGF、GGD型低压固定式开关柜的基础上，吸收西门子授权本公司SIVACON 8PT型低压柜的先进技术，经不断创新设计的低压成套开关设备，兼容固定式结构与抽出式结构，具有结构新颖，分断能力高，动热稳定性能好，运行安全可靠，安装维修方便的特点，可配置智能化接口装置。产品已广泛应用于大中型发电厂(1000MW及以下机组)、35kV～500kV变电站、石油化工和国际工程等，可适用于沿海高潮湿、高盐雾等特殊气候条件使用。产品于2003年5月获得“中国国家强制性产品认证(CCC)证书”。  ◇ 开关柜结构、性能及特点 ◇　　柜体为拼装结构，机械强度高。固定式结构与抽出式结构组合方案灵活，电缆可从柜底部和／或柜顶部进出柜体。柜体分为母线室、功能单元室、电缆室等区域，各功能单元室间采用接地的金属隔板隔开，能有效地防止故障的扩大。柜内电气元件的空气间隙和爬电距离大，绝缘强度高，动、热稳定性能好。　　PC柜抽出式断路器与MCC柜抽屉型均具有接通、断开、试验、隔离和抽出位置，抽屉在接通、断开、试验、隔离位置时自动定位和锁定，解除定位后方可进入下一个位置。　　开关柜可配置智能化接口装置，与现场总线或通过适配器与DCS以太网相连，可在操作站进行监控操作。　　开关柜通常为不靠墙安装，双面维护。柜体防护等级高，前部可加装钢化玻璃防护门。柜体表面处理工艺先进，具有防潮湿、防霉变、防盐雾、耐腐蚀性能。◇ 正常使用条件 ◇海拔高度：使用地点海拔不超过2000m ；环境温度：上限＋40℃，下限－5℃ ，日平均气温不高于35℃；相对湿度：日平均不大于95% ，月平均不大于90% ；地震烈度：不超过8度；安装场所：没有火灾、爆炸危险、严重污秽、化学腐蚀及剧烈震动。注：凡超出上述要求范围的，应与制造厂协商确定。","1、 我公司低压开关柜全系列已通过全套型式试验：低压开关柜的6300A、4000A、3200A、2000A、1600A全部电流等级均已通过型式试验。低压开关柜已通过35kA/0.3s耐内部故障电弧型式试验。低压开关柜已通过抗震试验（水平加速度1.09g、垂直加速度0.26g）。2、 我公司低压开关柜经广东电网公司2017年专项抽检验证合格。3、 已获发明、实用新型等专利10项。4、 低压开关柜于2014年通过由广东省科技厅组织的科技成果鉴定，达到国内先进水平，并获省级科学技术奖励二等奖，是“广东省高新技术产品”。5、 低压开关柜技术性能符合核电行业技术标准要求，获得国家核安全局颁发的民用核安全设备设计许可证、制造许可证。6、 可选配正超自主品牌主要一二次电气元件和新技术新材料，实现智能功能升级：",\N,"https://www.stzc.com/Products/Show_4.html"
"34","2025-04-21 11:26:44","FZW28-12 10kV柱上真空负荷开关自动化成套设备","https://www.stzc.com/Upload/Images/20180921/ddab574f32724519a2608be4b18916e8.jpg","1、  自主品牌一次设备（FZW28-12 10kV柱上真空负荷开关）+二次设备（ZCFTU系列自动化终端）融合产品，外壳防护等级达IP67；2、 10kV柱上真空负荷开关自动化成套设备已按新标准、高参数要求通过了全套型式试验，具备综合保护、三遥功能；真空柱上负荷开关通过了额定有功负载开断电流600次试验；全面通过抗地震试验、高低温试验、海拔高度3000m绝缘试验；通过了一次产品和二次终端的联调保护、三遥等智能功能测试；3、 已通过广东电网公司和广东省机械行业协会联合组织的新技术、新产品鉴定。FZW28-12柱上真空负荷开关自动化成套设备","1、  自主品牌一次设备（FZW28-12 10kV柱上真空负荷开关）+二次设备（ZCFTU系列自动化终端）融合产品，外壳防护等级达IP67；2、 10kV柱上真空负荷开关自动化成套设备已按新标准、高参数要求通过了全套型式试验，具备综合保护、三遥功能；真空柱上负荷开关通过了额定有功负载开断电流600次试验；全面通过抗地震试验、高低温试验、海拔高度3000m绝缘试验；通过了一次产品和二次终端的联调保护、三遥等智能功能测试；3、 已通过广东电网公司和广东省机械行业协会联合组织的新技术、新产品鉴定。FZW28-12柱上真空负荷开关自动化成套设备","https://www.stzc.com/Upload/Images/20180921/98f45d6a04af45de82401d3e41198aa8.jpg","https://www.stzc.com/Products/Show_149.html"
"35","2025-04-21 11:26:49","ZW□-12 10kV柱上真空断路器自动化成套设备","https://www.stzc.com/Upload/Images/20180921/dfbb951db36344db92e474d40a6aa2ce.jpg","1、  自主品牌一次设备（ZW□-12 10kV柱上真空断路器）+二次设备（ZCFTU系列自动化终端）融合产品，具有箱式和极柱式两种结构形式，外壳防护等级达IP67（极柱式为IP65）；2、 10kV柱上真空断路器自动化成套设备已按新标准、高参数要求通过了全套型式试验，具备综合保护、三遥功能；全面通过抗地震试验、高低温试验、海拔高度3000m绝缘试验；通过了一次产品和二次终端的联调保护、三遥等智能功能测试；3、 已通过广东电网公司和广东省机械行业协会联合组织的新技术、新产品鉴定。ZW20-12柱上真空断路器自动化成套设备(箱式)ZW32-12柱上真空断路器自动化成套设备(极柱式)","1、  自主品牌一次设备（ZW□-12 10kV柱上真空断路器）+二次设备（ZCFTU系列自动化终端）融合产品，具有箱式和极柱式两种结构形式，外壳防护等级达IP67（极柱式为IP65）；2、 10kV柱上真空断路器自动化成套设备已按新标准、高参数要求通过了全套型式试验，具备综合保护、三遥功能；全面通过抗地震试验、高低温试验、海拔高度3000m绝缘试验；通过了一次产品和二次终端的联调保护、三遥等智能功能测试；3、 已通过广东电网公司和广东省机械行业协会联合组织的新技术、新产品鉴定。ZW20-12柱上真空断路器自动化成套设备(箱式)ZW32-12柱上真空断路器自动化成套设备(极柱式)","https://www.stzc.com/Upload/Images/20180921/56e175491d9a49b7bcb50694f112fe78.jpg","https://www.stzc.com/Products/Show_148.html"
"36","2025-04-21 11:26:53","XGN□-12(Z) 10kV SF6全绝缘断路器柜自动化成套设备（SF6绝缘）","https://www.stzc.com/Upload/Images/20180921/2923f285162140f296ed35963e0e3eee.jpg","1、  自主品牌一次设备（ZCSF-12环网柜）+二次设备（ZCFDR-240系列自动化终端）融合产品；2、 环网柜通过了零表压下开断额定有功负载电流试验；3、 环网柜通过了内部电弧故障试验（20kA/0.5s）及海拔高度4000 m的型式试验；4、 环网柜已通过配网自动化联调保护传动型式试验，具有技术创新、性能安全、稳定、实用的特点；5、 ZCSF-12系列全绝缘SF6环网柜新技术、新产品于2017年通过广东电网公司和广东省机械行业协会联合组织的鉴定；6、 已获发明、实用新型等专利技术7项，是“广东省高新技术产品”；7、 环网柜气箱采用厚度3mm的不锈钢304材料，应用自动焊接机器人焊接而成，防护等级达到IP67，具有强度高、密封性能优良的特点；可选配正超自主品牌主要一二次电气元件和新技术新材料，实现智能功能升级：","1、  自主品牌一次设备（ZCSF-12环网柜）+二次设备（ZCFDR-240系列自动化终端）融合产品；2、 环网柜通过了零表压下开断额定有功负载电流试验；3、 环网柜通过了内部电弧故障试验（20kA/0.5s）及海拔高度4000 m的型式试验；4、 环网柜已通过配网自动化联调保护传动型式试验，具有技术创新、性能安全、稳定、实用的特点；5、 ZCSF-12系列全绝缘SF6环网柜新技术、新产品于2017年通过广东电网公司和广东省机械行业协会联合组织的鉴定；6、 已获发明、实用新型等专利技术7项，是“广东省高新技术产品”；7、 环网柜气箱采用厚度3mm的不锈钢304材料，应用自动焊接机器人焊接而成，防护等级达到IP67，具有强度高、密封性能优良的特点；可选配正超自主品牌主要一二次电气元件和新技术新材料，实现智能功能升级：","https://www.stzc.com/Upload/Images/20180921/b211d512945741a3a87a955f5aeeebf6.jpg","https://www.stzc.com/Products/Show_147.html"
"37","2025-04-21 11:26:57","10kV真空断路器柜（移开式）自动化成套设备","https://www.stzc.com/Upload/Images/20180921/0e3fd4fae3724311951dbeaa35dd8559.jpg","1、  自主品牌一次设备（KYN27型开关柜）+二次设备（ZCFDR-240系列自动化终端）融合产品；2、 开关柜符合南方电网、国家电网“技术规范”的温升（1.1倍Un）、内部故障电弧试验（≥31.5kA/0.5s）和凝露污秽等要求，具备抗燃弧能力和低温升效果，并经型式试验和2016年南网抽检验证合格；3、 开关柜配置电动底盘车及电动接地开关的智能型开关柜已通过电动操作机械寿命性能型式试验，并已在广东110kV广州尖峰变、贵州110kV金阳将军变、青坪变等项目安全可靠运行；4、 开关柜通过海拔高度5000m的型式试验，已在贵州、云南等高海拔地区广泛使用，运行安全、稳定、可靠。5、 20年来积累了丰富的研发、设计、制造经验，KYN27-12产品不断创新改进，已获实用新型专利技术18项，是“广东省高新技术产品”；6、 可选配正超自主品牌主要一二次电气元件和新技术新材料，实现智能功能升级：","1、  自主品牌一次设备（KYN27型开关柜）+二次设备（ZCFDR-240系列自动化终端）融合产品；2、 开关柜符合南方电网、国家电网“技术规范”的温升（1.1倍Un）、内部故障电弧试验（≥31.5kA/0.5s）和凝露污秽等要求，具备抗燃弧能力和低温升效果，并经型式试验和2016年南网抽检验证合格；3、 开关柜配置电动底盘车及电动接地开关的智能型开关柜已通过电动操作机械寿命性能型式试验，并已在广东110kV广州尖峰变、贵州110kV金阳将军变、青坪变等项目安全可靠运行；4、 开关柜通过海拔高度5000m的型式试验，已在贵州、云南等高海拔地区广泛使用，运行安全、稳定、可靠。5、 20年来积累了丰富的研发、设计、制造经验，KYN27-12产品不断创新改进，已获实用新型专利技术18项，是“广东省高新技术产品”；6、 可选配正超自主品牌主要一二次电气元件和新技术新材料，实现智能功能升级：","https://www.stzc.com/Upload/Images/20180921/0601f297d7594a068758ace10041c8d4.jpg","https://www.stzc.com/Products/Show_146.html"
"38","2025-04-21 11:27:00","XGN2B-12 箱型固定式交流金属封闭开关设备（10kV固定式开关柜、10kV配网固定式开关柜）","https://www.stzc.com/Upload/Images/20180921/8ac1ed02a0104a53b4979f4780f6d2b3.jpg","XGN2B-12 箱型固定式交流金属封闭开关设备XGN2B-12(Z)型箱式交流金属封闭开关设备，系三相交流50Hz的高压成套开关设备，作为10kV系统接收和分配电能及对电路实现控制保护之用，是广东“正超”的特色产品，广泛用于大中型发电厂、110kV～500kV变电站、配电小区和高层建筑等电力用户，曾荣获\"广东省优秀新产品奖\"。新一代产品符合用户最新要求，具有金属间隔式开关设备的特点。该设备柜内配用VS1等真空断路器，并已按新标准、最严酷要求通过了全套型式试验。通过了31.5kA/0.5s的内部故障电弧试验，在柜体尺寸不变前提下通过1.1倍额定电流温升试验，实现了低温升、高强度、耐燃弧、高海拔、智能化的重要技术创新。产品质量安全、稳定，深受广大用户的信赖和好评。◇ 开关柜结构、性能及特点 ◇柜体为金属封闭组装固定式结构，结构强度达到了IAC级的使用要求。典型方案柜内设有相对独立的断路器室、母线室、电缆室、仪表室，室与室之间及柜与柜之间用接地的金属钢板隔开，可保证运行安全。断路器室、母线室设有独立的泄压通道，柜内发生故障电弧时，燃弧气体会从柜顶泄压排出。开关柜具有完善可靠、独特的防误机械联锁装置：即“防止误分、误合断路器”、“防止带负荷分合隔离开关”、“防止带接地开关(或接地线)送电”、“防止带电合接地开关(或挂接地线)”、“防止误入带电间隔”等\"五防\"功能；亦可根据用户的具体要求，实现机械和电气双重闭锁及联锁功能，以防止电气误操作事故的发生。电缆室施工和维护方便，可联接多根电缆。开关柜设有完善可靠的接地系统，所有一次电器的金属框架均用铜排与接地母排可靠连接，可确保接地的连续性及运行和检修时的安全。正常使用条件海拔高度：不超过1000 m ，高原型不超过2000 m ；环境温度：上限＋40℃，下限－10℃ （允许在－30℃时储运）；相对湿度：日平均不大于95% ，月平均不大于90% ；地震烈度：不超过8度；安装场所：没有火灾、爆炸危险、严重污秽、化学腐蚀及剧烈震动。注：凡超出上述要求范围的，应与制造厂协商确定。","◇ ★ 主要技术参数 ★ ◇","https://www.stzc.com/Upload/Images/20180822/62ff883db08a4cc59a9c5864daead262.jpg","https://www.stzc.com/Products/Show_141.html"
"39","2025-04-21 11:27:04","KYN-40.5kV 智能化铠装移开式交流金属封闭开关设备","https://www.stzc.com/Upload/Images/20250104/f89fc6a66e6e410fa6ed33fc44bc8c2e.jpg","","",\N,"https://www.stzc.com/Products/Show_538.html"
